Family,Species,French Name,Latin Name,Species Code,Num
"Ducks,  Geese, and Swans (Anatidae)",Black-bellied Whistling-Duck,Dendrocygne à ventre noir,Dendrocygna autumnalis,BBWD,1
"Ducks,  Geese, and Swans (Anatidae)",Fulvous Whistling-Duck,Dendrocygne fauve,Dendrocygna bicolor,FUWD,1
"Ducks,  Geese, and Swans (Anatidae)",Emperor Goose,Oie empereur,Anser canagicus,EMGO,2
"Ducks,  Geese, and Swans (Anatidae)",Snow Goose,Oie des neiges,Anser caerulescens,SNGO,1
"Ducks,  Geese, and Swans (Anatidae)",Ross's Goose,Oie de Ross,Anser rossii,ROGO,1
"Ducks,  Geese, and Swans (Anatidae)",Greater White-fronted Goose,Oie rieuse,Anser albifrons,GWFG,1
"Ducks,  Geese, and Swans (Anatidae)",Tundra Bean-Goose,Oie de la toundra,Anser serrirostris,TUBG,3
"Ducks,  Geese, and Swans (Anatidae)",Brant,Bernache cravant,Branta bernicla,BRAN,1
"Ducks,  Geese, and Swans (Anatidae)",Barnacle Goose,Bernache nonnette,Branta leucopsis,BARG,4
"Ducks,  Geese, and Swans (Anatidae)",Cackling Goose,Bernache de Hutchins,Branta hutchinsii,CACG,1
"Ducks,  Geese, and Swans (Anatidae)",Canada Goose,Bernache du Canada,Branta canadensis,CANG,1
"Ducks,  Geese, and Swans (Anatidae)",Mute Swan,Cygne tuberculé,Cygnus olor,MUSW,1
"Ducks,  Geese, and Swans (Anatidae)",Trumpeter Swan,Cygne trompette,Cygnus buccinator,TRUS,1
"Ducks,  Geese, and Swans (Anatidae)",Tundra Swan,Cygne siffleur,Cygnus columbianus,TUSW,1
"Ducks,  Geese, and Swans (Anatidae)",Muscovy Duck,Canard musqué,Cairina moschata,MUDU,2
"Ducks,  Geese, and Swans (Anatidae)",Wood Duck,Canard branchu,Aix sponsa,WODU,1
"Ducks,  Geese, and Swans (Anatidae)",Blue-winged Teal,Sarcelle à ailes bleues,Spatula discors,BWTE,1
"Ducks,  Geese, and Swans (Anatidae)",Cinnamon Teal,Sarcelle cannelle,Spatula cyanoptera,CITE,1
"Ducks,  Geese, and Swans (Anatidae)",Northern Shoveler,Canard souchet,Spatula clypeata,NSHO,1
"Ducks,  Geese, and Swans (Anatidae)",Gadwall,Canard chipeau,Mareca strepera,GADW,1
"Ducks,  Geese, and Swans (Anatidae)",Falcated Duck,Canard à faucilles,Mareca falcata,FADU,4
"Ducks,  Geese, and Swans (Anatidae)",Eurasian Wigeon,Canard siffleur,Mareca penelope,EUWI,2
"Ducks,  Geese, and Swans (Anatidae)",American Wigeon,Canard d'Amérique,Mareca americana,AMWI,1
"Ducks,  Geese, and Swans (Anatidae)",Eastern Spot-billed Duck,Canard de Chine,Anas zonorhyncha,ESBD,4
"Ducks,  Geese, and Swans (Anatidae)",Mallard,Canard colvert,Anas platyrhynchos,MALL,1
"Ducks,  Geese, and Swans (Anatidae)",American Black Duck,Canard noir,Anas rubripes,ABDU,1
"Ducks,  Geese, and Swans (Anatidae)",Mottled Duck,Canard brun,Anas fulvigula,MODU,1
"Ducks,  Geese, and Swans (Anatidae)",White-cheeked Pintail,Canard des Bahamas,Anas bahamensis,WCHP,4
"Ducks,  Geese, and Swans (Anatidae)",Northern Pintail,Canard pilet,Anas acuta,NOPI,1
"Ducks,  Geese, and Swans (Anatidae)",Canvasback,Fuligule à dos blanc,Aythya valisineria,CANV,1
"Ducks,  Geese, and Swans (Anatidae)",Redhead,Fuligule à tête rouge,Aythya americana,REDH,1
"Ducks,  Geese, and Swans (Anatidae)",Ring-necked Duck,Fuligule à collier,Aythya collaris,RNDU,1
"Ducks,  Geese, and Swans (Anatidae)",Greater Scaup,Fuligule milouinan,Aythya marila,GRSC,1
"Ducks,  Geese, and Swans (Anatidae)",Lesser Scaup,Petit Fuligule,Aythya affinis,LESC,1
"Ducks,  Geese, and Swans (Anatidae)",Steller's Eider,Eider de Steller,Polysticta stelleri,STEI,2
"Ducks,  Geese, and Swans (Anatidae)",Spectacled Eider,Eider à lunettes,Somateria fischeri,SPEI,2
"Ducks,  Geese, and Swans (Anatidae)",King Eider,Eider à tête grise,Somateria spectabilis,KIEI,2
"Ducks,  Geese, and Swans (Anatidae)",Common Eider,Eider à duvet,Somateria mollissima,COEI,1
"Ducks,  Geese, and Swans (Anatidae)",Harlequin Duck,Arlequin plongeur,Histrionicus histrionicus,HADU,1
"Ducks,  Geese, and Swans (Anatidae)",Surf Scoter,Macreuse à front blanc,Melanitta perspicillata,SUSC,1
"Ducks,  Geese, and Swans (Anatidae)",Black Scoter,Macreuse à bec jaune,Melanitta americana,BLSC,1
"Ducks,  Geese, and Swans (Anatidae)",Long-tailed Duck,Harelde kakawi,Clangula hyemalis,LTDU,1
"Ducks,  Geese, and Swans (Anatidae)",Bufflehead,Petit Garrot,Bucephala albeola,BUFF,1
"Ducks,  Geese, and Swans (Anatidae)",Common Goldeneye,Garrot à oeil d'or,Bucephala clangula,COGO,1
"Ducks,  Geese, and Swans (Anatidae)",Barrow's Goldeneye,Garrot d'Islande,Bucephala islandica,BAGO,1
"Ducks,  Geese, and Swans (Anatidae)",Hooded Merganser,Harle couronné,Lophodytes cucullatus,HOME,1
"Ducks,  Geese, and Swans (Anatidae)",Common Merganser,Grand Harle,Mergus merganser,COME,1
"Ducks,  Geese, and Swans (Anatidae)",Red-breasted Merganser,Harle huppé,Mergus serrator,RBME,1
"Ducks,  Geese, and Swans (Anatidae)",Masked Duck,Érismature routoutou,Nomonyx dominicus,MADU,3
"Ducks,  Geese, and Swans (Anatidae)",Ruddy Duck,Érismature rousse,Oxyura jamaicensis,RUDU,1
New World Quail (Odontophoridae),Mountain Quail,Colin des montagnes,Oreortyx pictus,MOUQ,1
New World Quail (Odontophoridae),Northern Bobwhite,Colin de Virginie,Colinus virginianus,NOBO,1
New World Quail (Odontophoridae),Scaled Quail,Colin écaillé,Callipepla squamata,SCQU,1
New World Quail (Odontophoridae),California Quail,Colin de Californie,Callipepla californica,CAQU,1
New World Quail (Odontophoridae),Gambel's Quail,Colin de Gambel,Callipepla gambelii,GAQU,1
New World Quail (Odontophoridae),Montezuma Quail,Colin arlequin,Cyrtonyx montezumae,MONQ,2
"Partridges, Grouse, Turkeys, and Old World Quail (Phasianidae)",Wild Turkey,Dindon sauvage,Meleagris gallopavo,WITU,1
"Partridges, Grouse, Turkeys, and Old World Quail (Phasianidae)",Ruffed Grouse,Gélinotte huppée,Bonasa umbellus,RUGR,1
"Partridges, Grouse, Turkeys, and Old World Quail (Phasianidae)",Spruce Grouse,Tétras du Canada,Canachites canadensis,SPGR,2
"Partridges, Grouse, Turkeys, and Old World Quail (Phasianidae)",Willow Ptarmigan,Lagopède des saules,Lagopus lagopus,WIPT,2
"Partridges, Grouse, Turkeys, and Old World Quail (Phasianidae)",Greater Sage-Grouse,Tétras des armoises,Centrocercus urophasianus,GRSG,1
"Partridges, Grouse, Turkeys, and Old World Quail (Phasianidae)",Dusky Grouse,Tétras sombre,Dendragapus obscurus,DUGR,2
"Partridges, Grouse, Turkeys, and Old World Quail (Phasianidae)",Sooty Grouse,Tétras fuligineux,Dendragapus fuliginosus,SOGR,2
"Partridges, Grouse, Turkeys, and Old World Quail (Phasianidae)",Sharp-tailed Grouse,Tétras à queue fine,Tympanuchus phasianellus,STGR,2
"Partridges, Grouse, Turkeys, and Old World Quail (Phasianidae)",Greater Prairie-Chicken,Tétras des prairies,Tympanuchus cupido,GRPC,2
"Partridges, Grouse, Turkeys, and Old World Quail (Phasianidae)",Lesser Prairie-Chicken,Tétras pâle,Tympanuchus pallidicinctus,LEPC,2
"Partridges, Grouse, Turkeys, and Old World Quail (Phasianidae)",Gray Partridge,Perdrix grise,Perdix perdix,GRAP,2
"Partridges, Grouse, Turkeys, and Old World Quail (Phasianidae)",Ring-necked Pheasant,Faisan de Colchide,Phasianus colchicus,RNEP,1
"Partridges, Grouse, Turkeys, and Old World Quail (Phasianidae)",Gray Francolin,Francolin gris,Ortygornis (Francolinus) pondicerianus,GRAF,2
"Partridges, Grouse, Turkeys, and Old World Quail (Phasianidae)",Chukar,Perdrix choukar,Alectoris chukar,CHUK,2
"Partridges, Grouse, Turkeys, and Old World Quail (Phasianidae)",Erckel's Francolin,Francolin d'Erckel,Pternistis erckelii,ERFR,2
Grebes (Podicipedidae),Least Grebe,Grèbe minime,Tachybaptus dominicus,LEGR,2
Grebes (Podicipedidae),Pied-billed Grebe,Grèbe à bec bigarré,Podilymbus podiceps,PBGR,1
Grebes (Podicipedidae),Horned Grebe,Grèbe esclavon,Podiceps auritus,HOGR,1
Grebes (Podicipedidae),Red-necked Grebe,Grèbe jougris,Podiceps grisegena,RNGR,1
Grebes (Podicipedidae),Western Grebe,Grèbe élégant,Aechmophorus occidentalis,WEGR,1
Grebes (Podicipedidae),Clark's Grebe,Grèbe à face blanche,Aechmophorus clarkii,CLGR,1
Pigeons and Doves (Columbidae),Band-tailed Pigeon,Pigeon à queue barrée,Patagioenas fasciata,BTPI,1
Pigeons and Doves (Columbidae),Eurasian Collared-Dove,Tourterelle turque,Streptopelia decaocto,EUCD,1
Pigeons and Doves (Columbidae),Inca Dove,Colombe inca,Columbina inca,INDO,1
Pigeons and Doves (Columbidae),Common Ground Dove,Colombe à queue noire,Columbina passerina,CGDO,1
Pigeons and Doves (Columbidae),White-winged Dove,Tourterelle à ailes blanches,Zenaida asiatica,WWDO,1
Pigeons and Doves (Columbidae),Mourning Dove,Tourterelle triste,Zenaida macroura,MODO,1
"Cuckoos, Roadrunners, and Anis (Cuculidae)",Smooth-billed Ani,Ani à bec lisse,Crotophaga ani,SBAN,3
"Cuckoos, Roadrunners, and Anis (Cuculidae)",Groove-billed Ani,Ani à bec cannelé,Crotophaga sulcirostris,GBAN,2
"Cuckoos, Roadrunners, and Anis (Cuculidae)",Greater Roadrunner,Grand Géocoucou,Geococcyx californianus,GRRO,1
"Cuckoos, Roadrunners, and Anis (Cuculidae)",Yellow-billed Cuckoo,Coulicou à bec jaune,Coccyzus americanus,YBCU,1
"Cuckoos, Roadrunners, and Anis (Cuculidae)",Mangrove Cuckoo,Coulicou manioc,Coccyzus minor,MACU,2
"Cuckoos, Roadrunners, and Anis (Cuculidae)",Black-billed Cuckoo,Coulicou à bec noir,Coccyzus erythropthalmus,BBCU,1
Goatsuckers (Caprimulgidae),Lesser Nighthawk,Engoulevent minime,Chordeiles acutipennis,LENI,1
Goatsuckers (Caprimulgidae),Common Nighthawk,Engoulevent d'Amérique,Chordeiles minor,CONI,1
Goatsuckers (Caprimulgidae),Antillean Nighthawk,Engoulevent piramidig,Chordeiles gundlachii,ANNI,2
Goatsuckers (Caprimulgidae),Common Pauraque,Engoulevent pauraqué,Nyctidromus albicollis,COPA,2
Goatsuckers (Caprimulgidae),Common Poorwill,Engoulevent de Nuttall,Phalaenoptilus nuttallii,COPO,1
Goatsuckers (Caprimulgidae),Chuck-will's-widow,Engoulevent de Caroline,Antrostomus carolinensis,CWWI,1
Goatsuckers (Caprimulgidae),Eastern Whip-poor-will,Engoulevent bois-pourri,Antrostomus vociferus,EWPW,1
Goatsuckers (Caprimulgidae),Mexican Whip-poor-will,Engoulevent d'Arizona,Antrostomus arizonae,MWPW,2
Swifts (Apodidae),Black Swift,Martinet sombre,Cypseloides niger,BLSW,2
Swifts (Apodidae),Chimney Swift,Martinet ramoneur,Chaetura pelagica,CHSW,1
Swifts (Apodidae),Vaux's Swift,Martinet de Vaux,Chaetura vauxi,VASW,1
Swifts (Apodidae),White-throated Swift,Martinet à gorge blanche,Aeronautes saxatalis,WTSW,1
Hummingbirds (Trochilidae),Lucifer Hummingbird,Colibri lucifer,Calothorax lucifer,LUHU,2
Hummingbirds (Trochilidae),Ruby-throated Hummingbird,Colibri à gorge rubis,Archilochus colubris,RTHU,1
Hummingbirds (Trochilidae),Black-chinned Hummingbird,Colibri à gorge noire,Archilochus alexandri,BCHU,1
Hummingbirds (Trochilidae),Anna's Hummingbird,Colibri d'Anna,Calypte anna,ANHU,1
Hummingbirds (Trochilidae),Costa's Hummingbird,Colibri de Costa,Calypte costae,COHU,1
Hummingbirds (Trochilidae),Calliope Hummingbird,Colibri calliope,Selasphorus calliope,CAHU,1
Hummingbirds (Trochilidae),Rufous Hummingbird,Colibri roux,Selasphorus rufus,RUHU,1
Hummingbirds (Trochilidae),Allen's Hummingbird,Colibri d'Allen,Selasphorus sasin,ALHU,1
Hummingbirds (Trochilidae),Broad-tailed Hummingbird,Colibri à queue large,Selasphorus platycercus,BTHU,1
Hummingbirds (Trochilidae),Broad-billed Hummingbird,Colibri circé,Cynanthus latirostris,BBIH,2
Hummingbirds (Trochilidae),Violet-crowned Hummingbird,Ariane à couronne violette,Leucolia (Ramosomyia) violiceps,VCHU,2
Hummingbirds (Trochilidae),Buff-bellied Hummingbird,Ariane du Yucatan,Amazilia yucatanensis,BBEH,2
"Rails, Gallinules, and Coots (Rallidae)",Ridgway's Rail,Râle de Californie,Rallus obsoletus,RIRA,2
"Rails, Gallinules, and Coots (Rallidae)",King Rail,Râle élégant,Rallus elegans,KIRA,1
"Rails, Gallinules, and Coots (Rallidae)",Clapper Rail,Râle tapageur,Rallus crepitans,CLRA,1
"Rails, Gallinules, and Coots (Rallidae)",Virginia Rail,Râle de Virginie,Rallus limicola,VIRA,1
"Rails, Gallinules, and Coots (Rallidae)",Sora,Marouette de Caroline,Porzana carolina,SORA,1
"Rails, Gallinules, and Coots (Rallidae)",Common Gallinule,Gallinule d'Amérique,Gallinula galeata,COGA,1
"Rails, Gallinules, and Coots (Rallidae)",American Coot,Foulque d'Amérique,Fulica americana,AMCO,1
"Rails, Gallinules, and Coots (Rallidae)",Purple Gallinule,Talève violacée,Porphyrio martinica (martinicus),PUGA,1
"Rails, Gallinules, and Coots (Rallidae)",Yellow Rail,Râle jaune,Coturnicops noveboracensis,YERA,2
"Rails, Gallinules, and Coots (Rallidae)",Black Rail,Râle noir,Laterallus jamaicensis,BLRA,2
Limpkins (Aramidae),Limpkin,Courlan brun,Aramus guarauna,LIMP,2
Cranes (Gruidae),Sandhill Crane,Grue du Canada,Antigone canadensis,SACR,1
Cranes (Gruidae),Whooping Crane,Grue blanche,Grus americana,WHCR,2
Stilts and Avocets (Recurvirostridae),Black-necked Stilt,Échasse d'Amérique,Himantopus mexicanus,BNST,1
Stilts and Avocets (Recurvirostridae),American Avocet,Avocette d'Amérique,Recurvirostra americana,AMAV,1
Oystercatchers (Haematopodidae),American Oystercatcher,Huîtrier d'Amérique,Haematopus palliatus,AMOY,1
Oystercatchers (Haematopodidae),Black Oystercatcher,Huîtrier de Bachman,Haematopus bachmani,BLOY,1
Lapwings and Plovers (Charadriidae),American Golden-Plover,Pluvier bronzé,Pluvialis dominica,AMGP,1
Lapwings and Plovers (Charadriidae),Pacific Golden-Plover,Pluvier fauve,Pluvialis fulva,PAGP,2
Lapwings and Plovers (Charadriidae),Killdeer,Pluvier kildir,Charadrius vociferus,KILL,1
Lapwings and Plovers (Charadriidae),Common Ringed Plover,Pluvier grand-gravelot,Charadrius hiaticula,CRPL,3
Lapwings and Plovers (Charadriidae),Semipalmated Plover,Pluvier semipalmé,Charadrius semipalmatus,SEPL,1
Lapwings and Plovers (Charadriidae),Piping Plover,Pluvier siffleur,Charadrius melodus,PIPL,2
Lapwings and Plovers (Charadriidae),Wilson's Plover,Pluvier de Wilson,Charadrius wilsonia,WIPL,1
Lapwings and Plovers (Charadriidae),Mountain Plover,Pluvier montagnard,Charadrius montanus,MOPL,2
Lapwings and Plovers (Charadriidae),Snowy Plover,Pluvier neigeux,Charadrius nivosus,SNPL,1
"Sandpipers, Phalaropes, and Allies (Scolopacidae)",Upland Sandpiper,Maubèche des champs,Bartramia longicauda,UPSA,1
"Sandpipers, Phalaropes, and Allies (Scolopacidae)",Whimbrel,Courlis corlieu,Numenius phaeopus,WHIM,1
"Sandpipers, Phalaropes, and Allies (Scolopacidae)",Long-billed Curlew,Courlis à long bec,Numenius americanus,LBCU,1
"Sandpipers, Phalaropes, and Allies (Scolopacidae)",Hudsonian Godwit,Barge hudsonienne,Limosa haemastica,HUGO,1
"Sandpipers, Phalaropes, and Allies (Scolopacidae)",Marbled Godwit,Barge marbrée,Limosa fedoa,MAGO,1
"Sandpipers, Phalaropes, and Allies (Scolopacidae)",Ruddy Turnstone,Tournepierre à collier,Arenaria interpres,RUTU,1
"Sandpipers, Phalaropes, and Allies (Scolopacidae)",Black Turnstone,Tournepierre noir,Arenaria melanocephala,BLTU,1
"Sandpipers, Phalaropes, and Allies (Scolopacidae)",Red Knot,Bécasseau maubèche,Calidris canutus,REKN,1
"Sandpipers, Phalaropes, and Allies (Scolopacidae)",Surfbird,Bécasseau du ressac,Calidris virgata,SURF,1
"Sandpipers, Phalaropes, and Allies (Scolopacidae)",Stilt Sandpiper,Bécasseau à échasses,Calidris himantopus,STSA,1
"Sandpipers, Phalaropes, and Allies (Scolopacidae)",Sanderling,Bécasseau sanderling,Calidris alba,SAND,1
"Sandpipers, Phalaropes, and Allies (Scolopacidae)",Dunlin,Bécasseau variable,Calidris alpina,DUNL,1
"Sandpipers, Phalaropes, and Allies (Scolopacidae)",Rock Sandpiper,Bécasseau des Aléoutiennes,Calidris ptilocnemis,ROSA,2
"Sandpipers, Phalaropes, and Allies (Scolopacidae)",Purple Sandpiper,Bécasseau violet,Calidris maritima,PUSA,1
"Sandpipers, Phalaropes, and Allies (Scolopacidae)",Baird's Sandpiper,Bécasseau de Baird,Calidris bairdii,BASA,1
"Sandpipers, Phalaropes, and Allies (Scolopacidae)",Least Sandpiper,Bécasseau minuscule,Calidris minutilla,LESA,1
"Sandpipers, Phalaropes, and Allies (Scolopacidae)",White-rumped Sandpiper,Bécasseau à croupion blanc,Calidris fuscicollis,WRSA,1
"Sandpipers, Phalaropes, and Allies (Scolopacidae)",Pectoral Sandpiper,Bécasseau à poitrine cendrée,Calidris melanotos,PESA,1
"Sandpipers, Phalaropes, and Allies (Scolopacidae)",Semipalmated Sandpiper,Bécasseau semipalmé,Calidris pusilla,SESA,1
"Sandpipers, Phalaropes, and Allies (Scolopacidae)",Western Sandpiper,Bécasseau d'Alaska,Calidris mauri,WESA,1
"Sandpipers, Phalaropes, and Allies (Scolopacidae)",Short-billed Dowitcher,Bécassin roux,Limnodromus griseus,SBDO,1
"Sandpipers, Phalaropes, and Allies (Scolopacidae)",Long-billed Dowitcher,Bécassin à long bec,Limnodromus scolopaceus,LBDO,1
"Sandpipers, Phalaropes, and Allies (Scolopacidae)",American Woodcock,Bécasse d'Amérique,Scolopax minor,AMWO,1
"Sandpipers, Phalaropes, and Allies (Scolopacidae)",Wilson's Snipe,Bécassine de Wilson,Gallinago delicata,WISN,1
"Sandpipers, Phalaropes, and Allies (Scolopacidae)",Spotted Sandpiper,Chevalier grivelé,Actitis macularius,SPSA,1
"Sandpipers, Phalaropes, and Allies (Scolopacidae)",Solitary Sandpiper,Chevalier solitaire,Tringa solitaria,SOSA,1
"Sandpipers, Phalaropes, and Allies (Scolopacidae)",Wandering Tattler,Chevalier errant,Tringa incana,WATA,1
"Sandpipers, Phalaropes, and Allies (Scolopacidae)",Lesser Yellowlegs,Petit Chevalier,Tringa flavipes,LEYE,1
"Sandpipers, Phalaropes, and Allies (Scolopacidae)",Willet,Chevalier semipalmé,Tringa semipalmata,WILL,1
"Sandpipers, Phalaropes, and Allies (Scolopacidae)",Greater Yellowlegs,Grand Chevalier,Tringa melanoleuca,GRYE,1
"Sandpipers, Phalaropes, and Allies (Scolopacidae)",Wilson's Phalarope,Phalarope de Wilson,Phalaropus tricolor,WIPH,1
"Sandpipers, Phalaropes, and Allies (Scolopacidae)",Red-necked Phalarope,Phalarope à bec étroit,Phalaropus lobatus,RNPH,1
Skuas and Jaegers (Stercorariidae),Great Skua,Grand Labbe,Stercorarius skua,GRSK,3
Skuas and Jaegers (Stercorariidae),Parasitic Jaeger,Labbe parasite,Stercorarius parasiticus,PAJA,1
Skuas and Jaegers (Stercorariidae),Long-tailed Jaeger,Labbe à longue queue,Stercorarius longicaudus,LTJA,1
"Auks, Murres, and Puffins (Alcidae)",Dovekie,Mergule nain,Alle alle,DOVE,2
"Auks, Murres, and Puffins (Alcidae)",Common Murre,Guillemot marmette,Uria aalge,COMU,1
"Auks, Murres, and Puffins (Alcidae)",Thick-billed Murre,Guillemot de Brünnich,Uria lomvia,TBMU,1
"Auks, Murres, and Puffins (Alcidae)",Razorbill,Petit Pingouin,Alca torda,RAZO,1
"Auks, Murres, and Puffins (Alcidae)",Black Guillemot,Guillemot à miroir,Cepphus grylle,BLGU,1
"Auks, Murres, and Puffins (Alcidae)",Pigeon Guillemot,Guillemot colombin,Cepphus columba,PIGU,1
"Auks, Murres, and Puffins (Alcidae)",Marbled Murrelet,Guillemot marbré,Brachyramphus marmoratus,MAMU,1
"Auks, Murres, and Puffins (Alcidae)",Ancient Murrelet,Guillemot à cou blanc,Synthliboramphus antiquus,ANMU,2
"Auks, Murres, and Puffins (Alcidae)",Atlantic Puffin,Macareux moine,Fratercula arctica,ATPU,1
"Gulls, Terns, and Skimmers (Laridae)",Black-legged Kittiwake,Mouette tridactyle,Rissa tridactyla,BLKI,1
"Gulls, Terns, and Skimmers (Laridae)",Sabine's Gull,Mouette de Sabine,Xema sabini,SAGU,1
"Gulls, Terns, and Skimmers (Laridae)",Bonaparte's Gull,Mouette de Bonaparte,Chroicocephalus philadelphia,BOGU,1
"Gulls, Terns, and Skimmers (Laridae)",Little Gull,Mouette pygmée,Hydrocoloeus minutus,LIGU,2
"Gulls, Terns, and Skimmers (Laridae)",Laughing Gull,Mouette atricille,Leucophaeus atricilla,LAGU,1
"Gulls, Terns, and Skimmers (Laridae)",Franklin's Gull,Mouette de Franklin,Leucophaeus pipixcan,FRGU,1
"Gulls, Terns, and Skimmers (Laridae)",Heermann's Gull,Goéland de Heermann,Larus heermanni,HEEG,1
"Gulls, Terns, and Skimmers (Laridae)",Ring-billed Gull,Goéland à bec cerclé,Larus delawarensis,RBGU,1
"Gulls, Terns, and Skimmers (Laridae)",Western Gull,Goéland d'Audubon,Larus occidentalis,WEGU,1
"Gulls, Terns, and Skimmers (Laridae)",Yellow-footed Gull,Goéland de Cortez,Larus livens,YFGU,2
"Gulls, Terns, and Skimmers (Laridae)",California Gull,Goéland de Californie,Larus californicus,CAGU,1
"Gulls, Terns, and Skimmers (Laridae)",Glaucous-winged Gull,Goéland à ailes grises,Larus glaucescens,GWGU,1
"Gulls, Terns, and Skimmers (Laridae)",Glaucous Gull,Goéland bourgmestre,Larus hyperboreus,GLGU,1
"Gulls, Terns, and Skimmers (Laridae)",Great Black-backed Gull,Goéland marin,Larus marinus,GBBG,1
"Gulls, Terns, and Skimmers (Laridae)",Brown Noddy,Noddi brun,Anous stolidus,BRNO,2
"Gulls, Terns, and Skimmers (Laridae)",Sooty Tern,Sterne fuligineuse,Onychoprion fuscatus,SOTE,2
"Gulls, Terns, and Skimmers (Laridae)",Least Tern,Petite Sterne,Sternula antillarum,LETE,1
"Gulls, Terns, and Skimmers (Laridae)",Gull-billed Tern,Sterne hansel,Gelochelidon nilotica,GBTE,1
"Gulls, Terns, and Skimmers (Laridae)",Caspian Tern,Sterne caspienne,Hydroprogne caspia,CATE,1
"Gulls, Terns, and Skimmers (Laridae)",Black Tern,Guifette noire,Chlidonias niger,BLTE,1
"Gulls, Terns, and Skimmers (Laridae)",Roseate Tern,Sterne de Dougall,Sterna dougallii,ROST,2
"Gulls, Terns, and Skimmers (Laridae)",Common Tern,Sterne pierregarin,Sterna hirundo,COTE,1
"Gulls, Terns, and Skimmers (Laridae)",Arctic Tern,Sterne arctique,Sterna paradisaea,ARTE,1
"Gulls, Terns, and Skimmers (Laridae)",Forster's Tern,Sterne de Forster,Sterna forsteri,FOTE,1
"Gulls, Terns, and Skimmers (Laridae)",Royal Tern,Sterne royale,Thalasseus maximus,ROYT,1
"Gulls, Terns, and Skimmers (Laridae)",Elegant Tern,Sterne élégante,Thalasseus elegans,ELTE,1
"Gulls, Terns, and Skimmers (Laridae)",Black Skimmer,Bec-en-ciseaux noir,Rynchops niger,BLSK,1
Tropicbirds (Phaethontidae),White-tailed Tropicbird,Phaéton à bec jaune,Phaethon lepturus,WTTR,2
Tropicbirds (Phaethontidae),Red-billed Tropicbird,Phaéton à bec rouge,Phaethon aethereus,RBTR,3
Tropicbirds (Phaethontidae),Red-tailed Tropicbird,Phaéton à brins rouges,Phaethon rubricauda,RTTR,2
Loons (Gaviidae),Red-throated Loon,Plongeon catmarin,Gavia stellata,RTLO,1
Loons (Gaviidae),Pacific Loon,Plongeon du Pacifique,Gavia pacifica,PALO,1
Loons (Gaviidae),Common Loon,Plongeon huard,Gavia immer,COLO,1
Albatrosses (Diomedeidae),Salvin's Albatross,Albatros de Salvin,Thalassarche salvini,SAAL,5
Albatrosses (Diomedeidae),Black-browed Albatross,Albatros à sourcils noirs,Thalassarche melanophris,BBAL,4
Albatrosses (Diomedeidae),Laysan Albatross,Albatros de Laysan,Phoebastria immutabilis,LAAL,2
Albatrosses (Diomedeidae),Black-footed Albatross,Albatros à pieds noirs,Phoebastria nigripes,BFAL,1
Shearwaters and Petrels (Procellariidae),Northern Fulmar,Fulmar boréal,Fulmarus glacialis,NOFU,1
Shearwaters and Petrels (Procellariidae),Bonin Petrel,Pétrel des Bonin,Pterodroma hypoleuca,BOPE,3
Shearwaters and Petrels (Procellariidae),Wedge-tailed Shearwater,Puffin fouquet,Ardenna pacifica,WTSH,2
Shearwaters and Petrels (Procellariidae),Manx Shearwater,Puffin des Anglais,Puffinus puffinus,MASH,2
Storks (Ciconiidae),Jabiru,Jabiru d'Amérique,Jabiru mycteria,JABI,4
Storks (Ciconiidae),Wood Stork,Tantale d'Amérique,Mycteria americana,WOST,1
Boobies and Gannets (Sulidae),Masked Booby,Fou masqué,Sula dactylatra,MABO,2
Boobies and Gannets (Sulidae),Blue-footed Booby,Fou à pieds bleus,Sula nebouxii,BFBO,4
Boobies and Gannets (Sulidae),Brown Booby,Fou brun,Sula leucogaster,BRBO,2
Boobies and Gannets (Sulidae),Red-footed Booby,Fou à pieds rouges,Sula sula,RFBO,2
Boobies and Gannets (Sulidae),Northern Gannet,Fou de Bassan,Morus bassanus,NOGA,1
Darters (Anhingidae),Anhinga,Anhinga d'Amérique,Anhinga anhinga,ANHI,1
Cormorants (Phalacrocoracidae),Pelagic Cormorant,Cormoran pélagique,Urile pelagicus,PECO,1
Cormorants (Phalacrocoracidae),Great Cormorant,Grand Cormoran,Phalacrocorax carbo,GRCO,1
Cormorants (Phalacrocoracidae),Double-crested Cormorant,Cormoran à aigrettes,Nannopterum auritum,DCCO,1
Cormorants (Phalacrocoracidae),Neotropic Cormorant,Cormoran vigua,Nannopterum brasilianum,NECO,1
"Bitterns, Herons, and Allies (Ardeidae)",American Bittern,Butor d'Amérique,Botaurus lentiginosus,AMBI,1
"Bitterns, Herons, and Allies (Ardeidae)",Least Bittern,Petit Blongios,Ixobrychus exilis,LEBI,1
"Bitterns, Herons, and Allies (Ardeidae)",Bare-throated Tiger-Heron,Onoré du Mexique,Tigrisoma mexicanum,BTTH,5
"Bitterns, Herons, and Allies (Ardeidae)",Great Blue Heron,Grand Héron,Ardea herodias,GBHE,1
"Bitterns, Herons, and Allies (Ardeidae)",Great Egret,Grande Aigrette,Ardea alba,GREG,1
"Bitterns, Herons, and Allies (Ardeidae)",Snowy Egret,Aigrette neigeuse,Egretta thula,SNEG,1
"Bitterns, Herons, and Allies (Ardeidae)",Little Blue Heron,Aigrette bleue,Egretta caerulea,LBHE,1
"Bitterns, Herons, and Allies (Ardeidae)",Tricolored Heron,Aigrette tricolore,Egretta tricolor,TRHE,1
"Bitterns, Herons, and Allies (Ardeidae)",Cattle Egret,Héron garde-boeufs,Bubulcus ibis,CAEG,1
"Bitterns, Herons, and Allies (Ardeidae)",Green Heron,Héron vert,Butorides virescens,GRHE,1
"Bitterns, Herons, and Allies (Ardeidae)",Black-crowned Night-Heron,Bihoreau gris,Nycticorax nycticorax,BCNH,1
"Bitterns, Herons, and Allies (Ardeidae)",Yellow-crowned Night-Heron,Bihoreau violacé,Nyctanassa violacea,YCNH,1
Ibises and Spoonbills (Threskiornithidae),Glossy Ibis,Ibis falcinelle,Plegadis falcinellus,GLIB,1
Ibises and Spoonbills (Threskiornithidae),White-faced Ibis,Ibis à face blanche,Plegadis chihi,WFIB,1
Ibises and Spoonbills (Threskiornithidae),Roseate Spoonbill,Spatule rosée,Platalea ajaja,ROSP,1
Ospreys (Pandionidae),Osprey,Balbuzard pêcheur,Pandion haliaetus,OSPR,1
"Hawks, Kites, Eagles, and Allies (Accipitridae)",White-tailed Kite,Élanion à queue blanche,Elanus leucurus,WTKI,1
"Hawks, Kites, Eagles, and Allies (Accipitridae)",Swallow-tailed Kite,Naucler à queue fourchue,Elanoides forficatus,STKI,1
"Hawks, Kites, Eagles, and Allies (Accipitridae)",Golden Eagle,Aigle royal,Aquila chrysaetos,GOEA,1
"Hawks, Kites, Eagles, and Allies (Accipitridae)",Northern Harrier,Busard des marais,Circus hudsonius,NOHA,1
"Hawks, Kites, Eagles, and Allies (Accipitridae)",Sharp-shinned Hawk,Épervier brun,Accipiter striatus,SSHA,1
"Hawks, Kites, Eagles, and Allies (Accipitridae)",Cooper's Hawk,Épervier de Cooper,Accipiter cooperii,COHA,1
"Hawks, Kites, Eagles, and Allies (Accipitridae)",Northern Goshawk,Autour des palombes,Accipiter gentilis,NOGO,1
"Hawks, Kites, Eagles, and Allies (Accipitridae)",Bald Eagle,Pygargue à tête blanche,Haliaeetus leucocephalus,BAEA,1
"Hawks, Kites, Eagles, and Allies (Accipitridae)",Mississippi Kite,Milan du Mississippi,Ictinia mississippiensis,MIKI,1
"Hawks, Kites, Eagles, and Allies (Accipitridae)",Snail Kite,Milan des marais,Rostrhamus sociabilis,SNKI,2
"Hawks, Kites, Eagles, and Allies (Accipitridae)",Common Black Hawk,Buse noire,Buteogallus anthracinus,COBH,2
"Hawks, Kites, Eagles, and Allies (Accipitridae)",Harris's Hawk,Buse de Harris,Parabuteo unicinctus,HASH,1
"Hawks, Kites, Eagles, and Allies (Accipitridae)",Gray Hawk,Buse grise,Buteo plagiatus,GRHA,2
"Hawks, Kites, Eagles, and Allies (Accipitridae)",Red-shouldered Hawk,Buse à épaulettes,Buteo lineatus,RSHA,1
"Hawks, Kites, Eagles, and Allies (Accipitridae)",Broad-winged Hawk,Petite Buse,Buteo platypterus,BWHA,1
"Hawks, Kites, Eagles, and Allies (Accipitridae)",Swainson's Hawk,Buse de Swainson,Buteo swainsoni,SWHA,1
"Hawks, Kites, Eagles, and Allies (Accipitridae)",Zone-tailed Hawk,Buse à queue barrée,Buteo albonotatus,ZTHA,2
"Hawks, Kites, Eagles, and Allies (Accipitridae)",Red-tailed Hawk,Buse à queue rousse,Buteo jamaicensis,RTHA,1
"Hawks, Kites, Eagles, and Allies (Accipitridae)",Rough-legged Hawk,Buse pattue,Buteo lagopus,RLHA,1
Barn Owls (Tytonidae),Barn Owl,Effraie des clochers,Tyto alba,BANO,1
Typical Owls (Strigidae),Flammulated Owl,Petit-duc nain,Psiloscops flammeolus,FLOW,2
Typical Owls (Strigidae),Whiskered Screech-Owl,Petit-duc à moustaches,Megascops trichopsis,WHSO,2
Typical Owls (Strigidae),Western Screech-Owl,Petit-duc des montagnes,Megascops kennicottii,WESO,1
Typical Owls (Strigidae),Eastern Screech-Owl,Petit-duc maculé,Megascops asio,EASO,1
Typical Owls (Strigidae),Great Horned Owl,Grand-duc d'Amérique,Bubo virginianus,GHOW,1
Typical Owls (Strigidae),Snowy Owl,Harfang des neiges,Bubo scandiacus,SNOW,2
Typical Owls (Strigidae),Northern Hawk Owl,Chouette épervière,Surnia ulula,NHOW,2
Typical Owls (Strigidae),Northern Pygmy-Owl,Chevêchette naine,Glaucidium gnoma,NOPO,2
Typical Owls (Strigidae),Elf Owl,Chevêchette des saguaros,Micrathene whitneyi,ELOW,2
Typical Owls (Strigidae),Burrowing Owl,Chevêche des terriers,Athene cunicularia,BUOW,1
Typical Owls (Strigidae),Spotted Owl,Chouette tachetée,Strix occidentalis,SPOW,2
Typical Owls (Strigidae),Barred Owl,Chouette rayée,Strix varia,BADO,1
Typical Owls (Strigidae),Great Gray Owl,Chouette lapone,Strix nebulosa,GGOW,2
Typical Owls (Strigidae),Long-eared Owl,Hibou moyen-duc,Asio otus,LEOW,2
Typical Owls (Strigidae),Short-eared Owl,Hibou des marais,Asio flammeus,SEOW,1
Typical Owls (Strigidae),Boreal Owl,Nyctale de Tengmalm,Aegolius funereus,BOOW,2
Typical Owls (Strigidae),Northern Saw-whet Owl,Petite Nyctale,Aegolius acadicus,NSWO,2
Kingfishers (Alcedinidae),Ringed Kingfisher,Martin-pêcheur à ventre roux,Megaceryle torquata,RIKI,2
Kingfishers (Alcedinidae),Belted Kingfisher,Martin-pêcheur d'Amérique,Megaceryle alcyon,BEKI,1
Kingfishers (Alcedinidae),Green Kingfisher,Martin-pêcheur vert,Chloroceryle americana,GKIN,2
Woodpeckers and Allies (Picidae),Lewis's Woodpecker,Pic de Lewis,Melanerpes lewis,LEWO,1
Woodpeckers and Allies (Picidae),Red-headed Woodpecker,Pic à tête rouge,Melanerpes erythrocephalus,RHWO,1
Woodpeckers and Allies (Picidae),Acorn Woodpecker,Pic glandivore,Melanerpes formicivorus,ACWO,1
Woodpeckers and Allies (Picidae),Gila Woodpecker,Pic des saguaros,Melanerpes uropygialis,GIWO,1
Woodpeckers and Allies (Picidae),Golden-fronted Woodpecker,Pic à front doré,Melanerpes aurifrons,GFWO,1
Woodpeckers and Allies (Picidae),Red-bellied Woodpecker,Pic à ventre roux,Melanerpes carolinus,RBWO,1
Woodpeckers and Allies (Picidae),Williamson's Sapsucker,Pic de Williamson,Sphyrapicus thyroideus,WISA,1
Woodpeckers and Allies (Picidae),Yellow-bellied Sapsucker,Pic maculé,Sphyrapicus varius,YBSA,1
Woodpeckers and Allies (Picidae),Red-naped Sapsucker,Pic à nuque rouge,Sphyrapicus nuchalis,RNSA,1
Woodpeckers and Allies (Picidae),Red-breasted Sapsucker,Pic à poitrine rouge,Sphyrapicus ruber,RBSA,1
Woodpeckers and Allies (Picidae),American Three-toed Woodpecker,Pic à dos rayé,Picoides dorsalis,ATTW,2
Woodpeckers and Allies (Picidae),Black-backed Woodpecker,Pic à dos noir,Picoides arcticus,BBWO,2
Woodpeckers and Allies (Picidae),Downy Woodpecker,Pic mineur,Dryobates pubescens,DOWO,1
Woodpeckers and Allies (Picidae),Nuttall's Woodpecker,Pic de Nuttall,Dryobates nuttallii,NUWO,1
Woodpeckers and Allies (Picidae),Ladder-backed Woodpecker,Pic arlequin,Dryobates scalaris,LBWO,1
Woodpeckers and Allies (Picidae),Red-cockaded Woodpecker,Pic à face blanche,Dryobates borealis,RCWO,2
Woodpeckers and Allies (Picidae),Hairy Woodpecker,Pic chevelu,Dryobates villosus,HAWO,1
Woodpeckers and Allies (Picidae),White-headed Woodpecker,Pic à tête blanche,Dryobates albolarvatus,WHWO,1
Woodpeckers and Allies (Picidae),Arizona Woodpecker,Pic d'Arizona,Dryobates arizonae,ARWO,2
Woodpeckers and Allies (Picidae),Northern Flicker,Pic flamboyant,Colaptes auratus,NOFL,1
Woodpeckers and Allies (Picidae),Gilded Flicker,Pic chrysoïde,Colaptes chrysoides,GIFL,2
Woodpeckers and Allies (Picidae),Pileated Woodpecker,Grand Pic,Dryocopus pileatus,PIWO,1
Caracaras and Falcons (Falconidae),American Kestrel,Crécerelle d'Amérique,Falco sparverius,AMKE,1
Caracaras and Falcons (Falconidae),Merlin,Faucon émerillon,Falco columbarius,MERL,1
Caracaras and Falcons (Falconidae),Gyrfalcon,Faucon gerfaut,Falco rusticolus,GYRF,2
Caracaras and Falcons (Falconidae),Peregrine Falcon,Faucon pèlerin,Falco peregrinus,PEFA,1
Caracaras and Falcons (Falconidae),Prairie Falcon,Faucon des prairies,Falco mexicanus,PRFA,1
"Parakeets, Macaws, and Parrots (Psittacidae)",Monk Parakeet,Conure veuve,Myiopsitta monachus,MOPA,2
"Parakeets, Macaws, and Parrots (Psittacidae)",Red-crowned Parrot,Amazone à joues vertes,Amazona viridigenalis,RCPA,2
Tyrant Flycatchers (Tyrannidae),Northern Beardless-Tyrannulet,Tyranneau imberbe,Camptostoma imberbe,NOBT,2
Tyrant Flycatchers (Tyrannidae),Dusky-capped Flycatcher,Tyran olivâtre,Myiarchus tuberculifer,DCFL,2
Tyrant Flycatchers (Tyrannidae),Ash-throated Flycatcher,Tyran à gorge cendrée,Myiarchus cinerascens,ATFL,1
Tyrant Flycatchers (Tyrannidae),Great Crested Flycatcher,Tyran huppé,Myiarchus crinitus,GCFL,1
Tyrant Flycatchers (Tyrannidae),Brown-crested Flycatcher,Tyran de Wied,Myiarchus tyrannulus,BCFL,1
Tyrant Flycatchers (Tyrannidae),Tropical Kingbird,Tyran mélancolique,Tyrannus melancholicus,TRKI,2
Tyrant Flycatchers (Tyrannidae),Couch's Kingbird,Tyran de Couch,Tyrannus couchii,COKI,2
Tyrant Flycatchers (Tyrannidae),Cassin's Kingbird,Tyran de Cassin,Tyrannus vociferans,CAKI,1
Tyrant Flycatchers (Tyrannidae),Western Kingbird,Tyran de l'Ouest,Tyrannus verticalis,WEKI,1
Tyrant Flycatchers (Tyrannidae),Eastern Kingbird,Tyran tritri,Tyrannus tyrannus,EAKI,1
Tyrant Flycatchers (Tyrannidae),Gray Kingbird,Tyran gris,Tyrannus dominicensis,GRAK,2
Tyrant Flycatchers (Tyrannidae),Scissor-tailed Flycatcher,Tyran à longue queue,Tyrannus forficatus,STFL,1
Tyrant Flycatchers (Tyrannidae),Olive-sided Flycatcher,Moucherolle à côtés olive,Contopus cooperi,OSFL,1
Tyrant Flycatchers (Tyrannidae),Greater Pewee,Moucherolle de Coues,Contopus pertinax,GRPE,2
Tyrant Flycatchers (Tyrannidae),Western Wood-Pewee,Pioui de l'Ouest,Contopus sordidulus,WEWP,1
Tyrant Flycatchers (Tyrannidae),Eastern Wood-Pewee,Pioui de l'Est,Contopus virens,EAWP,1
Tyrant Flycatchers (Tyrannidae),Yellow-bellied Flycatcher,Moucherolle à ventre jaune,Empidonax flaviventris,YBFL,1
Tyrant Flycatchers (Tyrannidae),Acadian Flycatcher,Moucherolle vert,Empidonax virescens,ACFL,1
Tyrant Flycatchers (Tyrannidae),Alder Flycatcher,Moucherolle des aulnes,Empidonax alnorum,ALFL,1
Tyrant Flycatchers (Tyrannidae),Willow Flycatcher,Moucherolle des saules,Empidonax traillii,WIFL,1
Tyrant Flycatchers (Tyrannidae),Least Flycatcher,Moucherolle tchébec,Empidonax minimus,LEFL,1
Tyrant Flycatchers (Tyrannidae),Hammond's Flycatcher,Moucherolle de Hammond,Empidonax hammondii,HAFL,1
Tyrant Flycatchers (Tyrannidae),Gray Flycatcher,Moucherolle gris,Empidonax wrightii,GRFL,1
Tyrant Flycatchers (Tyrannidae),Dusky Flycatcher,Moucherolle sombre,Empidonax oberholseri,DUFL,1
Tyrant Flycatchers (Tyrannidae),Pacific-slope Flycatcher,Moucherolle côtier,Empidonax difficilis,PSFL,1
Tyrant Flycatchers (Tyrannidae),Cordilleran Flycatcher,Moucherolle des ravins,Empidonax occidentalis,COFL,1
Tyrant Flycatchers (Tyrannidae),Black Phoebe,Moucherolle noir,Sayornis nigricans,BLPH,1
Tyrant Flycatchers (Tyrannidae),Eastern Phoebe,Moucherolle phébi,Sayornis phoebe,EAPH,1
Tyrant Flycatchers (Tyrannidae),Say's Phoebe,Moucherolle à ventre roux,Sayornis saya,SAPH,1
Tyrant Flycatchers (Tyrannidae),Vermilion Flycatcher,Moucherolle vermillon,Pyrocephalus rubinus,VEFL,1
Vireos (Vireonidae),Black-capped Vireo,Viréo à tête noire,Vireo atricapilla,BCVI,2
Vireos (Vireonidae),White-eyed Vireo,Viréo aux yeux blancs,Vireo griseus,WEVI,1
Vireos (Vireonidae),Bell's Vireo,Viréo de Bell,Vireo bellii,BEVI,1
Vireos (Vireonidae),Gray Vireo,Viréo gris,Vireo vicinior,GRVI,2
Vireos (Vireonidae),Hutton's Vireo,Viréo de Hutton,Vireo huttoni,HUVI,1
Vireos (Vireonidae),Yellow-throated Vireo,Viréo à gorge jaune,Vireo flavifrons,YTVI,1
Vireos (Vireonidae),Cassin's Vireo,Viréo de Cassin,Vireo cassinii,CAVI,1
Vireos (Vireonidae),Blue-headed Vireo,Viréo à tête bleue,Vireo solitarius,BHVI,1
Vireos (Vireonidae),Plumbeous Vireo,Viréo plombé,Vireo plumbeus,PLVI,1
Vireos (Vireonidae),Philadelphia Vireo,Viréo de Philadelphie,Vireo philadelphicus,PHVI,1
Vireos (Vireonidae),Warbling Vireo,Viréo mélodieux,Vireo gilvus,WAVI,1
Vireos (Vireonidae),Red-eyed Vireo,Viréo aux yeux rouges,Vireo olivaceus,REVI,1
Vireos (Vireonidae),Black-whiskered Vireo,Viréo à moustaches,Vireo altiloquus,BWVI,2
Shrikes (Laniidae),Loggerhead Shrike,Pie-grièche migratrice,Lanius ludovicianus,LOSH,1
Jays and Crows (Corvidae),Pinyon Jay,Geai des pinèdes,Gymnorhinus cyanocephalus,PIJA,1
Jays and Crows (Corvidae),Steller's Jay,Geai de Steller,Cyanocitta stelleri,STJA,1
Jays and Crows (Corvidae),Blue Jay,Geai bleu,Cyanocitta cristata,BLJA,1
Jays and Crows (Corvidae),Florida Scrub-Jay,Geai à gorge blanche,Aphelocoma coerulescens,FLSJ,2
Jays and Crows (Corvidae),California Scrub-Jay,Geai buissonnier,Aphelocoma californica,CASJ,1
Jays and Crows (Corvidae),Woodhouse's Scrub-Jay,Geai de Woodhouse,Aphelocoma woodhouseii,WOSJ,1
Jays and Crows (Corvidae),Mexican Jay,Geai du Mexique,Aphelocoma wollweberi,MEJA,2
Jays and Crows (Corvidae),Clark's Nutcracker,Cassenoix d'Amérique,Nucifraga columbiana,CLNU,1
Jays and Crows (Corvidae),Black-billed Magpie,Pie d'Amérique,Pica hudsonia,BBMA,1
Jays and Crows (Corvidae),Yellow-billed Magpie,Pie à bec jaune,Pica nuttalli,YBMA,2
Jays and Crows (Corvidae),American Crow,Corneille d'Amérique,Corvus brachyrhynchos,AMCR,1
Jays and Crows (Corvidae),Fish Crow,Corneille de rivage,Corvus ossifragus,FICR,1
Jays and Crows (Corvidae),Chihuahuan Raven,Corbeau à cou blanc,Corvus cryptoleucus,CHRA,1
Jays and Crows (Corvidae),Common Raven,Grand Corbeau,Corvus corax,CORA,1
Verdin (Remizidae),Verdin,Auripare verdin,Auriparus flaviceps,VERD,1
Chickadees and Titmice (Paridae),Carolina Chickadee,Mésange de Caroline,Poecile carolinensis,CACH,1
Chickadees and Titmice (Paridae),Black-capped Chickadee,Mésange à tête noire,Poecile atricapillus,BCCH,1
Chickadees and Titmice (Paridae),Mountain Chickadee,Mésange de Gambel,Poecile gambeli,MOCH,1
Chickadees and Titmice (Paridae),Chestnut-backed Chickadee,Mésange à dos marron,Poecile rufescens,CBCH,1
Chickadees and Titmice (Paridae),Boreal Chickadee,Mésange à tête brune,Poecile hudsonicus,BOCH,1
Chickadees and Titmice (Paridae),Bridled Titmouse,Mésange arlequin,Baeolophus wollweberi,BRTI,2
Chickadees and Titmice (Paridae),Oak Titmouse,Mésange unicolore,Baeolophus inornatus,OATI,1
Chickadees and Titmice (Paridae),Juniper Titmouse,Mésange des genévriers,Baeolophus ridgwayi,JUTI,1
Chickadees and Titmice (Paridae),Tufted Titmouse,Mésange bicolore,Baeolophus bicolor,TUTI,1
Chickadees and Titmice (Paridae),Black-crested Titmouse,Mésange à plumet noir,Baeolophus atricristatus,BCTI,2
Larks (Alaudidae),Horned Lark,Alouette hausse-col,Eremophila alpestris,HOLA,1
Swallows (Hirundinidae),Bank Swallow,Hirondelle de rivage,Riparia riparia,BANS,1
Swallows (Hirundinidae),Tree Swallow,Hirondelle bicolore,Tachycineta bicolor,TRES,1
Swallows (Hirundinidae),Violet-green Swallow,Hirondelle à face blanche,Tachycineta thalassina,VGSW,1
Swallows (Hirundinidae),Northern Rough-winged Swallow,Hirondelle à ailes hérissées,Stelgidopteryx serripennis,NRWS,1
Swallows (Hirundinidae),Purple Martin,Hirondelle noire,Progne subis,PUMA,1
Swallows (Hirundinidae),Barn Swallow,Hirondelle rustique,Hirundo rustica,BARS,1
Swallows (Hirundinidae),Cliff Swallow,Hirondelle à front blanc,Petrochelidon pyrrhonota,CLSW,1
Swallows (Hirundinidae),Cave Swallow,Hirondelle à front brun,Petrochelidon fulva,CASW,1
Bushtits (Aegithalidae),Bushtit,Mésange buissonnière,Psaltriparus minimus,BUSH,1
Sylviid Warblers (Sylviidae),Wrentit,Cama brune,Chamaea fasciata,WREN,1
Kinglets (Regulidae),Ruby-crowned Kinglet,Roitelet à couronne rubis,Corthylio calendula,RCKI,1
Kinglets (Regulidae),Golden-crowned Kinglet,Roitelet à couronne dorée,Regulus satrapa,GCKI,1
Waxwings (Bombycillidae),Bohemian Waxwing,Jaseur boréal,Bombycilla garrulus,BOWA,2
Waxwings (Bombycillidae),Cedar Waxwing,Jaseur d'Amérique,Bombycilla cedrorum,CEDW,1
Nuthatches (Sittidae),Red-breasted Nuthatch,Sittelle à poitrine rousse,Sitta canadensis,RBNU,1
Nuthatches (Sittidae),White-breasted Nuthatch,Sittelle à poitrine blanche,Sitta carolinensis,WBNU,1
Nuthatches (Sittidae),Pygmy Nuthatch,Sittelle pygmée,Sitta pygmaea,PYNU,1
Nuthatches (Sittidae),Brown-headed Nuthatch,Sittelle à tête brune,Sitta pusilla,BHNU,1
Creepers (Certhiidae),Brown Creeper,Grimpereau brun,Certhia americana,BRCR,1
Gnatcatchers and Gnatwrens (Polioptilidae),Blue-gray Gnatcatcher,Gobemoucheron gris-bleu,Polioptila caerulea,BGGN,1
Gnatcatchers and Gnatwrens (Polioptilidae),Black-tailed Gnatcatcher,Gobemoucheron à queue noire,Polioptila melanura,BTGN,1
Gnatcatchers and Gnatwrens (Polioptilidae),California Gnatcatcher,Gobemoucheron de Californie,Polioptila californica,CAGN,2
Wrens (Troglodytidae),Rock Wren,Troglodyte des rochers,Salpinctes obsoletus,ROWR,1
Wrens (Troglodytidae),Canyon Wren,Troglodyte des canyons,Catherpes mexicanus,CANW,1
Wrens (Troglodytidae),Cactus Wren,Troglodyte des cactus,Campylorhynchus brunneicapillus,CACW,1
Wrens (Troglodytidae),Bewick's Wren,Troglodyte de Bewick,Thryomanes bewickii,BEWR,1
Wrens (Troglodytidae),Carolina Wren,Troglodyte de Caroline,Thryothorus ludovicianus,CARW,1
Wrens (Troglodytidae),House Wren,Troglodyte familier,Troglodytes aedon,HOWR,1
Wrens (Troglodytidae),Pacific Wren,Troglodyte de Baird,Troglodytes pacificus,PAWR,1
Wrens (Troglodytidae),Winter Wren,Troglodyte des forêts,Troglodytes hiemalis,WIWR,1
Wrens (Troglodytidae),Sedge Wren,Troglodyte à bec court,Cistothorus stellaris,SEWR,1
Wrens (Troglodytidae),Marsh Wren,Troglodyte des marais,Cistothorus palustris,MAWR,1
Mockingbirds and Thrashers (Mimidae),Gray Catbird,Moqueur chat,Dumetella carolinensis,GRCA,1
Mockingbirds and Thrashers (Mimidae),Curve-billed Thrasher,Moqueur à bec courbe,Toxostoma curvirostre,CBTH,1
Mockingbirds and Thrashers (Mimidae),Brown Thrasher,Moqueur roux,Toxostoma rufum,BRTH,1
Mockingbirds and Thrashers (Mimidae),Long-billed Thrasher,Moqueur à long bec,Toxostoma longirostre,LBTH,2
Mockingbirds and Thrashers (Mimidae),Bendire's Thrasher,Moqueur de Bendire,Toxostoma bendirei,BETH,2
Mockingbirds and Thrashers (Mimidae),California Thrasher,Moqueur de Californie,Toxostoma redivivum,CATH,2
Mockingbirds and Thrashers (Mimidae),Crissal Thrasher,Moqueur cul-roux,Toxostoma crissale,CRTH,2
Mockingbirds and Thrashers (Mimidae),Sage Thrasher,Moqueur des armoises,Oreoscoptes montanus,SATH,1
Mockingbirds and Thrashers (Mimidae),Northern Mockingbird,Moqueur polyglotte,Mimus polyglottos,NOMO,1
Dippers (Cinclidae),American Dipper,Cincle d'Amérique,Cinclus mexicanus,AMDI,1
Thrushes (Turdidae),Eastern Bluebird,Merlebleu de l'Est,Sialia sialis,EABL,1
Thrushes (Turdidae),Western Bluebird,Merlebleu de l'Ouest,Sialia mexicana,WEBL,1
Thrushes (Turdidae),Mountain Bluebird,Merlebleu azuré,Sialia currucoides,MOBL,1
Thrushes (Turdidae),Townsend's Solitaire,Solitaire de Townsend,Myadestes townsendi,TOSO,1
Thrushes (Turdidae),Veery,Grive fauve,Catharus fuscescens,VEER,1
Thrushes (Turdidae),Gray-cheeked Thrush,Grive à joues grises,Catharus minimus,GCTH,1
Thrushes (Turdidae),Bicknell's Thrush,Grive de Bicknell,Catharus bicknelli,BITH,2
Thrushes (Turdidae),Swainson's Thrush,Grive à dos olive,Catharus ustulatus,SWTH,1
Thrushes (Turdidae),Hermit Thrush,Grive solitaire,Catharus guttatus,HETH,1
Thrushes (Turdidae),Wood Thrush,Grive des bois,Hylocichla mustelina,WOTH,1
Thrushes (Turdidae),American Robin,Merle d'Amérique,Turdus migratorius,AMRO,1
Thrushes (Turdidae),Varied Thrush,Grive à collier,Ixoreus naevius,VATH,1
Old World Flycatchers (Muscicapidae),Northern Wheatear,Traquet motteux,Oenanthe oenanthe,NOWH,2
Old World Sparrows (Passeridae),House Sparrow,Moineau domestique,Passer domesticus,HOSP,1
Wagtails and Pipits (Motacillidae),Red-throated Pipit,Pipit à gorge rousse,Anthus cervinus,RTPI,3
Wagtails and Pipits (Motacillidae),American Pipit,Pipit d'Amérique,Anthus rubescens,AMPI,1
Wagtails and Pipits (Motacillidae),Sprague's Pipit,Pipit de Sprague,Anthus spragueii,SPPI,2
Fringilline and Cardueline Finches and Allies (Fringillidae),Evening Grosbeak,Gros-bec errant,Coccothraustes vespertinus,EVGR,1
Fringilline and Cardueline Finches and Allies (Fringillidae),Pine Grosbeak,Durbec des sapins,Pinicola enucleator,PIGR,1
Fringilline and Cardueline Finches and Allies (Fringillidae),Gray-crowned Rosy-Finch,Roselin à tête grise,Leucosticte tephrocotis,GCRF,1
Fringilline and Cardueline Finches and Allies (Fringillidae),Black Rosy-Finch,Roselin noir,Leucosticte atrata,BLRF,2
Fringilline and Cardueline Finches and Allies (Fringillidae),House Finch,Roselin familier,Haemorhous mexicanus,HOFI,1
Fringilline and Cardueline Finches and Allies (Fringillidae),Purple Finch,Roselin pourpré,Haemorhous purpureus,PUFI,1
Fringilline and Cardueline Finches and Allies (Fringillidae),Cassin's Finch,Roselin de Cassin,Haemorhous cassinii,CAFI,1
Fringilline and Cardueline Finches and Allies (Fringillidae),Common Redpoll,Sizerin flammé,Acanthis flammea,CORE,1
Fringilline and Cardueline Finches and Allies (Fringillidae),Red Crossbill,Bec-croisé des sapins,Loxia curvirostra,RECR,1
Fringilline and Cardueline Finches and Allies (Fringillidae),White-winged Crossbill,Bec-croisé bifascié,Loxia leucoptera,WWCR,2
Fringilline and Cardueline Finches and Allies (Fringillidae),Pine Siskin,Tarin des pins,Spinus pinus,PISI,1
Fringilline and Cardueline Finches and Allies (Fringillidae),Lesser Goldfinch,Chardonneret mineur,Spinus psaltria,LEGO,1
Fringilline and Cardueline Finches and Allies (Fringillidae),Lawrence's Goldfinch,Chardonneret gris,Spinus lawrencei,LAGO,2
Fringilline and Cardueline Finches and Allies (Fringillidae),American Goldfinch,Chardonneret jaune,Spinus tristis,AMGO,1
Longspurs and Snow Buntings (Calcariidae),Lapland Longspur,Plectrophane lapon,Calcarius lapponicus,LALO,1
Longspurs and Snow Buntings (Calcariidae),Chestnut-collared Longspur,Plectrophane à ventre noir,Calcarius ornatus,CCLO,1
Longspurs and Snow Buntings (Calcariidae),Smith's Longspur,Plectrophane de Smith,Calcarius pictus,SMLO,2
Longspurs and Snow Buntings (Calcariidae),Snow Bunting,Plectrophane des neiges,Plectrophenax nivalis,SNBU,1
Towhees and Sparrows (Passerellidae),Rufous-winged Sparrow,Bruant à épaulettes,Peucaea carpalis,RWSP,2
Towhees and Sparrows (Passerellidae),Cassin's Sparrow,Bruant de Cassin,Peucaea cassinii,CASP,1
Towhees and Sparrows (Passerellidae),Bachman's Sparrow,Bruant des pinèdes,Peucaea aestivalis,BACS,1
Towhees and Sparrows (Passerellidae),Grasshopper Sparrow,Bruant sauterelle,Ammodramus savannarum,GRSP,1
Towhees and Sparrows (Passerellidae),Five-striped Sparrow,Bruant pentaligne,Amphispizopsis quinquestriata,FSSP,3
Towhees and Sparrows (Passerellidae),Black-throated Sparrow,Bruant à gorge noire,Amphispiza bilineata,BTSP,1
Towhees and Sparrows (Passerellidae),Lark Sparrow,Bruant à joues marron,Chondestes grammacus,LASP,1
Towhees and Sparrows (Passerellidae),Lark Bunting,Bruant noir et blanc,Calamospiza melanocorys,LARB,1
Towhees and Sparrows (Passerellidae),Chipping Sparrow,Bruant familier,Spizella passerina,CHSP,1
Towhees and Sparrows (Passerellidae),Clay-colored Sparrow,Bruant des plaines,Spizella pallida,CCSP,1
Towhees and Sparrows (Passerellidae),Black-chinned Sparrow,Bruant à menton noir,Spizella atrogularis,BCSP,1
Towhees and Sparrows (Passerellidae),Field Sparrow,Bruant des champs,Spizella pusilla,FISP,1
Towhees and Sparrows (Passerellidae),Brewer's Sparrow,Bruant de Brewer,Spizella breweri,BRSP,1
Towhees and Sparrows (Passerellidae),Fox Sparrow,Bruant fauve,Passerella iliaca,FOSP,1
Towhees and Sparrows (Passerellidae),American Tree Sparrow,Bruant hudsonien,Spizelloides arborea,ATSP,1
Towhees and Sparrows (Passerellidae),Dark-eyed Junco,Junco ardoisé,Junco hyemalis,DEJU,1
Towhees and Sparrows (Passerellidae),White-crowned Sparrow,Bruant à couronne blanche,Zonotrichia leucophrys,WCSP,1
Towhees and Sparrows (Passerellidae),Golden-crowned Sparrow,Bruant à couronne dorée,Zonotrichia atricapilla,GCSP,1
Towhees and Sparrows (Passerellidae),Harris's Sparrow,Bruant à face noire,Zonotrichia querula,HASP,1
Towhees and Sparrows (Passerellidae),White-throated Sparrow,Bruant à gorge blanche,Zonotrichia albicollis,WTSP,1
Towhees and Sparrows (Passerellidae),Sagebrush Sparrow,Bruant des armoises,Artemisiospiza nevadensis,SABS,1
Towhees and Sparrows (Passerellidae),Bell's Sparrow,Bruant de Bell,Artemisiospiza belli,BESP,1
Towhees and Sparrows (Passerellidae),Vesper Sparrow,Bruant vespéral,Pooecetes gramineus,VESP,1
Towhees and Sparrows (Passerellidae),Seaside Sparrow,Bruant maritime,Ammospiza maritima,SESP,1
Towhees and Sparrows (Passerellidae),Nelson's Sparrow,Bruant de Nelson,Ammospiza nelsoni,NESP,1
Towhees and Sparrows (Passerellidae),Saltmarsh Sparrow,Bruant à queue aiguë,Ammospiza caudacuta,SALS,1
Towhees and Sparrows (Passerellidae),Baird's Sparrow,Bruant de Baird,Centronyx bairdii,BAIS,2
Towhees and Sparrows (Passerellidae),Henslow's Sparrow,Bruant de Henslow,Centronyx henslowii,HESP,2
Towhees and Sparrows (Passerellidae),Savannah Sparrow,Bruant des prés,Passerculus sandwichensis,SAVS,1
Towhees and Sparrows (Passerellidae),Song Sparrow,Bruant chanteur,Melospiza melodia,SOSP,1
Towhees and Sparrows (Passerellidae),Lincoln's Sparrow,Bruant de Lincoln,Melospiza lincolnii,LISP,1
Towhees and Sparrows (Passerellidae),Swamp Sparrow,Bruant des marais,Melospiza georgiana,SWSP,1
Towhees and Sparrows (Passerellidae),Canyon Towhee,Tohi des canyons,Melozone fusca,CANT,1
Towhees and Sparrows (Passerellidae),Abert's Towhee,Tohi d'Abert,Melozone aberti,ABTO,1
Towhees and Sparrows (Passerellidae),California Towhee,Tohi de Californie,Melozone crissalis,CALT,1
Towhees and Sparrows (Passerellidae),Rufous-crowned Sparrow,Tohi à calotte fauve,Aimophila ruficeps,RCSP,1
Towhees and Sparrows (Passerellidae),Green-tailed Towhee,Tohi à queue verte,Pipilo chlorurus,GTTO,1
Towhees and Sparrows (Passerellidae),Spotted Towhee,Tohi tacheté,Pipilo maculatus,SPTO,1
Towhees and Sparrows (Passerellidae),Eastern Towhee,Tohi à flancs roux,Pipilo erythrophthalmus,EATO,1
Yellow-breasted Chats (Icteriidae),Yellow-breasted Chat,Ictérie polyglotte,Icteria virens,YBCH,1
Blackbirds (Icteridae),Yellow-headed Blackbird,Carouge à tête jaune,Xanthocephalus xanthocephalus,YHBL,1
Blackbirds (Icteridae),Bobolink,Goglu des prés,Dolichonyx oryzivorus,BOBO,1
Blackbirds (Icteridae),Eastern Meadowlark,Sturnelle des prés,Sturnella magna,EAME,1
Blackbirds (Icteridae),Western Meadowlark,Sturnelle de l'Ouest,Sturnella neglecta,WEME,1
Blackbirds (Icteridae),Orchard Oriole,Oriole des vergers,Icterus spurius,OROR,1
Blackbirds (Icteridae),Hooded Oriole,Oriole masqué,Icterus cucullatus,HOOR,1
Blackbirds (Icteridae),Bullock's Oriole,Oriole de Bullock,Icterus bullockii,BUOR,1
Blackbirds (Icteridae),Baltimore Oriole,Oriole de Baltimore,Icterus galbula,BAOR,1
Blackbirds (Icteridae),Scott's Oriole,Oriole jaune-verdâtre,Icterus parisorum,SCOR,1
Blackbirds (Icteridae),Red-winged Blackbird,Carouge à épaulettes,Agelaius phoeniceus,RWBL,1
Blackbirds (Icteridae),Tricolored Blackbird,Carouge de Californie,Agelaius tricolor,TRBL,2
Blackbirds (Icteridae),Bronzed Cowbird,Vacher bronzé,Molothrus aeneus,BROC,1
Blackbirds (Icteridae),Brown-headed Cowbird,Vacher à tête brune,Molothrus ater,BHCO,1
Blackbirds (Icteridae),Rusty Blackbird,Quiscale rouilleux,Euphagus carolinus,RUBL,1
Blackbirds (Icteridae),Brewer's Blackbird,Quiscale de Brewer,Euphagus cyanocephalus,BRBL,1
Blackbirds (Icteridae),Common Grackle,Quiscale bronzé,Quiscalus quiscula,COGR,1
Blackbirds (Icteridae),Boat-tailed Grackle,Quiscale des marais,Quiscalus major,BTGR,1
Blackbirds (Icteridae),Great-tailed Grackle,Quiscale à longue queue,Quiscalus mexicanus,GTGR,1
Wood-Warblers (Parulidae),Ovenbird,Paruline couronnée,Seiurus aurocapilla,OVEN,1
Wood-Warblers (Parulidae),Worm-eating Warbler,Paruline vermivore,Helmitheros vermivorum,WEWA,1
Wood-Warblers (Parulidae),Louisiana Waterthrush,Paruline hochequeue,Parkesia motacilla,LOWA,1
Wood-Warblers (Parulidae),Northern Waterthrush,Paruline des ruisseaux,Parkesia noveboracensis,NOWA,1
Wood-Warblers (Parulidae),Golden-winged Warbler,Paruline à ailes dorées,Vermivora chrysoptera,GWWA,2
Wood-Warblers (Parulidae),Blue-winged Warbler,Paruline à ailes bleues,Vermivora cyanoptera,BWWA,1
Wood-Warblers (Parulidae),Black-and-white Warbler,Paruline noir et blanc,Mniotilta varia,BAWW,1
Wood-Warblers (Parulidae),Prothonotary Warbler,Paruline orangée,Protonotaria citrea,PROW,1
Wood-Warblers (Parulidae),Swainson's Warbler,Paruline de Swainson,Limnothlypis swainsonii,SWWA,2
Wood-Warblers (Parulidae),Tennessee Warbler,Paruline obscure,Leiothlypis peregrina,TEWA,1
Wood-Warblers (Parulidae),Orange-crowned Warbler,Paruline verdâtre,Leiothlypis celata,OCWA,1
Wood-Warblers (Parulidae),Lucy's Warbler,Paruline de Lucy,Leiothlypis luciae,LUWA,1
Wood-Warblers (Parulidae),Nashville Warbler,Paruline à joues grises,Leiothlypis ruficapilla,NAWA,1
Wood-Warblers (Parulidae),Virginia's Warbler,Paruline de Virginia,Leiothlypis virginiae,VIWA,1
Wood-Warblers (Parulidae),Connecticut Warbler,Paruline à gorge grise,Oporornis agilis,CONW,2
Wood-Warblers (Parulidae),MacGillivray's Warbler,Paruline des buissons,Geothlypis tolmiei,MGWA,1
Wood-Warblers (Parulidae),Mourning Warbler,Paruline triste,Geothlypis philadelphia,MOWA,1
Wood-Warblers (Parulidae),Kentucky Warbler,Paruline du Kentucky,Geothlypis formosa,KEWA,1
Wood-Warblers (Parulidae),Common Yellowthroat,Paruline masquée,Geothlypis trichas,COYE,1
Wood-Warblers (Parulidae),Hooded Warbler,Paruline à capuchon,Setophaga citrina,HOWA,1
Wood-Warblers (Parulidae),American Redstart,Paruline flamboyante,Setophaga ruticilla,AMRE,1
Wood-Warblers (Parulidae),Kirtland's Warbler,Paruline de Kirtland,Setophaga kirtlandii,KIWA,2
Wood-Warblers (Parulidae),Cape May Warbler,Paruline tigrée,Setophaga tigrina,CMWA,1
Wood-Warblers (Parulidae),Cerulean Warbler,Paruline azurée,Setophaga cerulea,CERW,2
Wood-Warblers (Parulidae),Northern Parula,Paruline à collier,Setophaga americana,NOPA,1
Wood-Warblers (Parulidae),Magnolia Warbler,Paruline à tête cendrée,Setophaga magnolia,MAWA,1
Wood-Warblers (Parulidae),Bay-breasted Warbler,Paruline à poitrine baie,Setophaga castanea,BBWA,1
Wood-Warblers (Parulidae),Blackburnian Warbler,Paruline à gorge orangée,Setophaga fusca,BLBW,1
Wood-Warblers (Parulidae),Yellow Warbler,Paruline jaune,Setophaga petechia,YEWA,1
Wood-Warblers (Parulidae),Chestnut-sided Warbler,Paruline à flancs marron,Setophaga pensylvanica,CSWA,1
Wood-Warblers (Parulidae),Blackpoll Warbler,Paruline rayée,Setophaga striata,BLPW,1
Wood-Warblers (Parulidae),Black-throated Blue Warbler,Paruline bleue,Setophaga caerulescens,BTBW,1
Wood-Warblers (Parulidae),Palm Warbler,Paruline à couronne rousse,Setophaga palmarum,PAWA,1
Wood-Warblers (Parulidae),Pine Warbler,Paruline des pins,Setophaga pinus,PIWA,1
Wood-Warblers (Parulidae),Yellow-rumped Warbler,Paruline à croupion jaune,Setophaga coronata,YRWA,1
Wood-Warblers (Parulidae),Yellow-throated Warbler,Paruline à gorge jaune,Setophaga dominica,YTWA,1
Wood-Warblers (Parulidae),Prairie Warbler,Paruline des prés,Setophaga discolor,PRAW,1
Wood-Warblers (Parulidae),Grace's Warbler,Paruline de Grace,Setophaga graciae,GRWA,1
Wood-Warblers (Parulidae),Black-throated Gray Warbler,Paruline grise,Setophaga nigrescens,BTYW,1
Wood-Warblers (Parulidae),Townsend's Warbler,Paruline de Townsend,Setophaga townsendi,TOWA,1
Wood-Warblers (Parulidae),Hermit Warbler,Paruline à tête jaune,Setophaga occidentalis,HEWA,1
Wood-Warblers (Parulidae),Golden-cheeked Warbler,Paruline à dos noir,Setophaga chrysoparia,GCWA,2
Wood-Warblers (Parulidae),Black-throated Green Warbler,Paruline à gorge noire,Setophaga virens,BTNW,1
Wood-Warblers (Parulidae),Canada Warbler,Paruline du Canada,Cardellina canadensis,CAWA,1
Wood-Warblers (Parulidae),Wilson's Warbler,Paruline à calotte noire,Cardellina pusilla,WIWA,1
Wood-Warblers (Parulidae),Red-faced Warbler,Paruline à face rouge,Cardellina rubrifrons,RFWA,2
Wood-Warblers (Parulidae),Painted Redstart,Paruline à ailes blanches,Myioborus pictus,PARE,2
"Cardinals, Piranga Tanagers and Allies (Cardinalidae)",Summer Tanager,Piranga vermillon,Piranga rubra,SUTA,1
"Cardinals, Piranga Tanagers and Allies (Cardinalidae)",Scarlet Tanager,Piranga écarlate,Piranga olivacea,SCTA,1
"Cardinals, Piranga Tanagers and Allies (Cardinalidae)",Western Tanager,Piranga à tête rouge,Piranga ludoviciana,WETA,1
"Cardinals, Piranga Tanagers and Allies (Cardinalidae)",Northern Cardinal,Cardinal rouge,Cardinalis cardinalis,NOCA,1
"Cardinals, Piranga Tanagers and Allies (Cardinalidae)",Pyrrhuloxia,Cardinal pyrrhuloxia,Cardinalis sinuatus,PYRR,1
"Cardinals, Piranga Tanagers and Allies (Cardinalidae)",Rose-breasted Grosbeak,Cardinal à poitrine rose,Pheucticus ludovicianus,RBGR,1
"Cardinals, Piranga Tanagers and Allies (Cardinalidae)",Black-headed Grosbeak,Cardinal à tête noire,Pheucticus melanocephalus,BHGR,1
"Cardinals, Piranga Tanagers and Allies (Cardinalidae)",Blue Grosbeak,Guiraca bleu,Passerina caerulea,BLGR,1
"Cardinals, Piranga Tanagers and Allies (Cardinalidae)",Lazuli Bunting,Passerin azuré,Passerina amoena,LAZB,1
"Cardinals, Piranga Tanagers and Allies (Cardinalidae)",Indigo Bunting,Passerin indigo,Passerina cyanea,INBU,1
"Cardinals, Piranga Tanagers and Allies (Cardinalidae)",Painted Bunting,Passerin nonpareil,Passerina ciris,PABU,1
"Cardinals, Piranga Tanagers and Allies (Cardinalidae)",Dickcissel,Dickcissel d'Amérique,Spiza americana,DICK,1
